{"accuracy": [0.6083789467811584, 0.8583682775497437, 0.9150295257568359, 0.941148042678833, 0.9541077017784119, 0.9656590223312378, 0.9712355136871338, 0.977509081363678, 0.9792161583900452, 0.9822462201118469], "loss": [1.33225417137146, 0.44489988684654236, 0.26338621973991394, 0.17952942848205566, 0.13727211952209473, 0.10731977224349976, 0.08650673925876617, 0.0719543918967247, 0.06219713017344475, 0.05695158988237381], "val_accuracy": [0.8432164788246155, 0.903312087059021, 0.9276690483093262, 0.9507739543914795, 0.9409287571907043, 0.9650580286979675, 0.9681311249732971, 0.9598793387413025, 0.9601638913154602, 0.968529462814331], "val_loss": [0.49182039499282837, 0.3051362633705139, 0.2247791439294815, 0.15524770319461823, 0.1727888286113739, 0.1105373278260231, 0.10536981374025345, 0.1276807188987732, 0.13372725248336792, 0.10856489092111588]}